Strategy,Timeframe,Period,Risk,Trades,TradesPerDay,Return,MaxDrawdown,ProfitFactor,WinRate,Expectancy,Sharpe,Sortino,Fees,AvgTrade,AvgDuration,Status
EMATrendCrossover,1d,A_1m,3.0,1,0.0323,0.0699,0.0,0.0,100.0,9.9978,-100.0,-100.0,,9.9978,0:00:00,FAIL
EMATrendCrossover,1d,B_6m,3.0,11,0.0598,0.2156,0.2442,1.5589,54.5455,0.83,0.2471,1.5436,,0.83,"18 days, 17:27:00",LOW_ACTIVITY
EMATrendCrossover,1d,C_1y,3.0,15,0.0411,-0.0677,0.6067,0.909,46.6667,-0.7607,-0.0363,-0.1384,,-0.7607,"14 days, 8:00:00",FAIL
EMATrendCrossover,1d,D_13m,3.0,16,0.0404,-0.1436,0.6818,0.8247,43.75,-1.3493,-0.0721,-0.2673,,-1.3493,"15 days, 1:30:00",FAIL
EMATrendCrossover,1d,E_2y,3.0,32,0.0438,0.4717,0.7504,1.4403,59.375,1.8034,0.1473,0.4844,,1.8034,"14 days, 18:45:00",ACTIVE_CANDIDATE
EMATrendCrossover,1d,C_1y,2.0,15,0.0411,-0.057,0.4132,0.8905,46.6667,-0.7607,-0.0449,-0.2654,,-0.7607,"14 days, 8:00:00",FAIL
EMATrendCrossover,1d,C_1y,5.0,15,0.0411,-0.0873,0.9994,0.929,46.6667,-0.7607,-0.028,-0.1099,,-0.7607,"14 days, 8:00:00",FAIL
EMATrendCrossover,4h,B_6m,3.0,26,0.1413,0.5471,1.2854,1.2491,53.8462,1.0704,0.2852,0.7393,,1.0704,"18 days, 6:18:00",ACTIVE_CANDIDATE
EMATrendCrossover,1h,B_6m,3.0,43,0.2337,2.5156,2.1016,1.4387,55.814,1.6143,0.7384,1.7827,,1.6143,"17 days, 7:35:00",ACTIVE_CANDIDATE
EMATrendCrossover,4h,C_1y,3.0,56,0.1534,-1.064,2.6875,0.8007,42.8571,-1.3522,-0.3059,-0.9722,,-1.3522,"15 days, 4:09:00",FAIL
EMATrendCrossover,1h,C_1y,3.0,100,0.274,-4.2933,7.6718,0.7371,43.0,-1.2736,-0.7207,-1.5083,,-1.2736,"13 days, 15:53:00",FAIL
EMATrendCrossover,4h,E_2y,3.0,122,0.1671,-0.9927,3.5312,0.9065,45.9016,-0.8344,-0.147,-0.4361,,-0.8344,"13 days, 6:14:00",FAIL
EMATrendCrossover,1h,E_2y,3.0,230,0.3151,2.9849,7.3473,1.0978,50.0,0.01,0.257,0.661,,0.01,"11 days, 15:30:00",WATCH
RSIMomentum,1d,A_1m,3.0,3,0.0968,0.3677,0.0,0.0,100.0,9.9995,9.5081,-100.0,,9.9995,"1 day, 0:00:00",FAIL
RSIMomentum,1d,B_6m,3.0,20,0.1087,0.4732,0.1928,1.9599,65.0,2.9375,0.6944,3.8812,,2.9375,"20 days, 1:12:00",ACTIVE_CANDIDATE
RSIMomentum,1d,C_1y,3.0,44,0.1205,-0.0927,0.7697,0.941,45.4545,-1.0065,-0.0677,-0.3462,,-1.0065,"14 days, 4:55:00",FAIL
RSIMomentum,1d,D_13m,3.0,45,0.1136,-0.1336,0.8667,0.9157,46.6667,-0.7619,-0.093,-0.3915,,-0.7619,"15 days, 7:28:00",FAIL
RSIMomentum,1d,E_2y,3.0,94,0.1288,0.4689,0.9392,1.1684,52.1277,0.3401,0.1867,0.8564,,0.3401,"13 days, 17:06:00",ACTIVE_CANDIDATE
RSIMomentum,1d,C_1y,2.0,44,0.1205,-0.1742,0.6876,0.8698,45.4545,-1.0065,-0.1597,-2.3121,,-1.0065,"14 days, 4:55:00",FAIL
RSIMomentum,1d,C_1y,5.0,44,0.1205,-0.0919,1.2059,0.9634,45.4545,-1.0065,-0.0411,-0.1656,,-1.0065,"14 days, 4:55:00",FAIL
RSIMomentum,4h,B_6m,3.0,41,0.2228,0.9424,1.4866,1.343,51.2195,0.7008,0.5755,1.6703,,0.7008,"17 days, 11:54:00",ACTIVE_CANDIDATE
RSIMomentum,1h,B_6m,3.0,45,0.2446,1.9409,2.351,1.3607,55.5556,1.5163,0.6575,1.3685,,1.5163,"18 days, 20:51:00",ACTIVE_CANDIDATE
RSIMomentum,4h,C_1y,3.0,101,0.2767,-2.0638,3.9961,0.7518,42.5743,-1.3669,-0.6887,-1.5956,,-1.3669,"13 days, 5:45:00",FAIL
RSIMomentum,1h,C_1y,3.0,137,0.3753,-6.0793,9.4265,0.6834,41.6058,-1.6239,-1.229,-2.64,,-1.6239,"11 days, 23:09:00",FAIL
RSIMomentum,4h,E_2y,3.0,222,0.3041,1.4158,3.6886,1.101,50.9009,0.193,0.2601,0.7479,,0.193,"11 days, 20:15:00",ACTIVE_CANDIDATE
RSIMomentum,1h,E_2y,3.0,326,0.4466,-0.0778,9.0962,0.9979,49.0798,-0.208,-0.0082,-0.0194,,-0.208,"9 days, 23:02:00",FAIL
MACDMomentum,1d,A_1m,3.0,6,0.1935,0.4094,0.0502,9.1168,83.3333,5.8958,3.6861,-100.0,,5.8958,"3 days, 0:00:00",LOW_ACTIVITY
MACDMomentum,1d,B_6m,3.0,23,0.125,0.4344,0.529,1.6822,60.8696,1.9113,0.5898,2.5225,,1.9113,"15 days, 1:03:00",ACTIVE_CANDIDATE
MACDMomentum,1d,C_1y,3.0,46,0.126,-0.1258,0.8088,0.9225,47.8261,-0.6244,-0.0921,-0.3401,,-0.6244,"15 days, 16:42:00",FAIL
MACDMomentum,1d,D_13m,3.0,50,0.1263,0.1405,0.6674,1.088,50.0,-0.1781,0.0971,0.5042,,-0.1781,"16 days, 9:36:00",FAIL
MACDMomentum,1d,E_2y,3.0,103,0.1411,0.8705,0.6626,1.293,55.3398,0.9452,0.3331,1.4724,,0.9452,"13 days, 18:10:00",ACTIVE_CANDIDATE
MACDMomentum,1d,C_1y,2.0,46,0.126,-0.1295,0.6411,0.9032,47.8261,-0.6244,-0.1198,-0.8092,,-0.6244,"15 days, 16:42:00",FAIL
MACDMomentum,1d,C_1y,5.0,46,0.126,-0.126,1.2499,0.95,47.8261,-0.6244,-0.0572,-0.1613,,-0.6244,"15 days, 16:42:00",FAIL
MACDMomentum,4h,B_6m,3.0,41,0.2228,0.2669,1.6993,1.0817,53.6585,0.5245,0.1535,0.4933,,0.5245,"18 days, 2:09:00",WATCH
MACDMomentum,1h,B_6m,3.0,61,0.3315,0.6885,5.0454,1.0874,54.0984,0.9109,0.2384,0.5041,,0.9109,"14 days, 4:25:00",WATCH
MACDMomentum,4h,C_1y,3.0,111,0.3041,-2.368,4.0161,0.7291,43.2432,-1.4985,-0.8406,-2.0387,,-1.4985,"12 days, 20:28:00",FAIL
MACDMomentum,1h,C_1y,3.0,157,0.4301,-7.0021,11.0312,0.6697,42.0382,-1.6286,-1.475,-3.3072,,-1.6286,"10 days, 20:15:00",FAIL
MACDMomentum,4h,E_2y,3.0,253,0.3466,0.5847,3.9183,1.036,49.4071,-0.2287,0.1078,0.2802,,-0.2287,"10 days, 22:04:00",FAIL
MACDMomentum,1h,E_2y,3.0,366,0.5014,1.3007,10.9793,1.0327,51.0929,0.1602,0.1383,0.3186,,0.1602,"9 days, 3:01:00",WATCH
Score4WindowStrategy,1d,A_1m,3.0,19,0.6129,3.3593,0.4134,5.4023,68.4211,4.5941,8.64,24.2871,,4.5941,"6 days, 8:51:00",STRONG_CANDIDATE
Score4WindowStrategy,1d,B_6m,3.0,42,0.2283,2.4875,1.2821,1.7855,57.1429,1.7956,1.0821,2.7056,,1.7956,"15 days, 12:34:00",STRONG_CANDIDATE
Score4WindowStrategy,1d,C_1y,3.0,74,0.2027,0.0833,3.72,1.0114,44.5946,-0.9284,0.0189,0.0452,,-0.9284,"12 days, 21:05:00",FAIL
Score4WindowStrategy,1d,D_13m,3.0,85,0.2146,0.0145,3.3879,1.0017,45.8824,-0.7011,0.003,0.0065,,-0.7011,"12 days, 17:13:00",FAIL
Score4WindowStrategy,1d,E_2y,3.0,203,0.2781,6.8051,3.5922,1.4231,53.6946,0.7481,0.821,1.8649,,0.7481,"10 days, 14:11:00",STRONG_CANDIDATE
Score4WindowStrategy,1d,C_1y,2.0,74,0.2027,0.0846,2.507,1.0169,44.5946,-0.9284,0.0281,0.0674,,-0.9284,"12 days, 21:05:00",FAIL
Score4WindowStrategy,1d,C_1y,5.0,74,0.2027,0.0844,5.9835,1.0072,44.5946,-0.9284,0.012,0.029,,-0.9284,"12 days, 21:05:00",FAIL
Score4WindowStrategy,4h,B_6m,3.0,58,0.3152,2.6462,5.2356,1.249,51.7241,0.6978,0.5893,1.3988,,0.6978,"14 days, 8:00:00",ACTIVE_CANDIDATE
Score4WindowStrategy,1h,B_6m,3.0,54,0.2935,5.4609,7.6965,1.3518,57.4074,1.7811,0.7496,1.4703,,1.7811,"16 days, 9:37:00",ACTIVE_CANDIDATE
Score4WindowStrategy,4h,C_1y,3.0,124,0.3397,-10.1653,17.3925,0.6431,41.129,-1.6737,-1.2252,-2.1913,,-1.6737,"12 days, 6:02:00",FAIL
Score4WindowStrategy,1h,C_1y,3.0,149,0.4082,-18.2211,28.1503,0.6297,42.953,-1.3749,-1.5485,-2.651,,-1.3749,"11 days, 12:13:00",FAIL
Score4WindowStrategy,4h,E_2y,3.0,310,0.4247,5.1945,17.1799,1.0875,52.2581,0.4487,0.2962,0.601,,0.4487,"9 days, 21:05:00",WATCH
Score4WindowStrategy,1h,E_2y,3.0,378,0.5178,6.0213,27.9988,1.0507,51.3228,0.2314,0.2112,0.4022,,0.2314,"9 days, 2:47:00",WATCH
ADXTrend,1d,A_1m,3.0,4,0.129,0.173,0.0193,9.931,50.0,4.5471,1.8801,13.2161,,4.5471,"15 days, 0:00:00",FAIL
ADXTrend,1d,B_6m,3.0,8,0.0435,0.1791,0.1909,1.8511,50.0,2.2279,0.2264,0.4252,,2.2279,"14 days, 6:00:00",LOW_ACTIVITY
ADXTrend,1d,C_1y,3.0,18,0.0493,-0.5867,0.8337,0.3934,22.2222,-4.6646,-0.411,-0.9279,,-4.6646,"9 days, 18:40:00",FAIL
ADXTrend,1d,D_13m,3.0,19,0.048,-0.6378,0.8848,0.3737,21.0526,-4.9549,-0.4225,-0.9535,,-4.9549,"10 days, 7:35:00",FAIL
ADXTrend,1d,E_2y,3.0,37,0.0507,-0.0991,0.7565,0.9262,43.2432,-0.9514,-0.035,-0.1004,,-0.9514,"10 days, 12:58:00",FAIL
ADXTrend,1d,C_1y,2.0,18,0.0493,-0.4659,0.6417,0.36,22.2222,-4.6646,-0.4666,-1.1783,,-4.6646,"9 days, 18:40:00",FAIL
ADXTrend,1d,C_1y,5.0,18,0.0493,-0.9664,1.3837,0.3973,22.2222,-4.6646,-0.4042,-0.8947,,-4.6646,"9 days, 18:40:00",FAIL
ADXTrend,4h,B_6m,3.0,34,0.1848,1.6254,0.9249,1.757,52.9412,1.7755,0.9065,1.9751,,1.7755,"15 days, 2:56:00",ACTIVE_CANDIDATE
ADXTrend,1h,B_6m,3.0,41,0.2228,1.4815,2.6832,1.2649,56.0976,1.1678,0.4136,0.6714,,1.1678,"18 days, 14:57:00",ACTIVE_CANDIDATE
ADXTrend,4h,C_1y,3.0,65,0.1781,0.3807,2.4267,1.0751,43.0769,-0.8214,0.1127,0.31,,-0.8214,"13 days, 16:37:00",FAIL
ADXTrend,1h,C_1y,3.0,105,0.2877,-4.4807,8.0416,0.7217,41.9048,-1.7121,-0.8088,-1.9809,,-1.7121,"13 days, 9:41:00",FAIL
ADXTrend,4h,E_2y,3.0,156,0.2137,1.534,2.4193,1.1421,49.359,0.0587,0.2518,0.7562,,0.0587,"12 days, 6:02:00",ACTIVE_CANDIDATE
ADXTrend,1h,E_2y,3.0,249,0.3411,1.4871,8.209,1.0469,49.3976,-0.2062,0.1343,0.3318,,-0.2062,"11 days, 9:45:00",FAIL
TimeSeriesMomentum,1d,A_1m,3.0,3,0.0968,0.3707,0.0,0.0,100.0,9.9997,6.8111,-100.0,,9.9997,"2 days, 8:00:00",FAIL
TimeSeriesMomentum,1d,B_6m,3.0,17,0.0924,0.6319,0.2966,2.6921,70.5882,4.0654,0.88,6.542,,4.0654,"13 days, 19:46:00",ACTIVE_CANDIDATE
TimeSeriesMomentum,1d,C_1y,3.0,30,0.0822,-0.1505,0.9166,0.8831,43.3333,-1.4343,-0.0946,-0.5339,,-1.4343,"10 days, 20:48:00",FAIL
TimeSeriesMomentum,1d,D_13m,3.0,30,0.0758,-0.1873,0.9169,0.8546,43.3333,-1.4343,-0.111,-0.6124,,-1.4343,"11 days, 17:36:00",FAIL
TimeSeriesMomentum,1d,E_2y,3.0,55,0.0753,0.5338,0.9189,1.3021,54.5455,0.828,0.1886,0.9306,,0.828,"10 days, 8:44:00",ACTIVE_CANDIDATE
TimeSeriesMomentum,1d,C_1y,2.0,30,0.0822,-0.141,0.6807,0.8528,43.3333,-1.4343,-0.1236,-1.4675,,-1.4343,"10 days, 20:48:00",FAIL
TimeSeriesMomentum,1d,C_1y,5.0,30,0.0822,-0.2186,1.4757,0.8958,43.3333,-1.4343,-0.0831,-0.3608,,-1.4343,"10 days, 20:48:00",FAIL
TimeSeriesMomentum,4h,B_6m,3.0,34,0.1848,1.2082,1.5272,1.4624,55.8824,1.6021,0.6199,1.3742,,1.6021,"17 days, 2:14:00",ACTIVE_CANDIDATE
TimeSeriesMomentum,1h,B_6m,3.0,43,0.2337,1.9302,2.4592,1.3281,51.1628,1.085,0.5629,1.3196,,1.085,"18 days, 6:15:00",ACTIVE_CANDIDATE
TimeSeriesMomentum,4h,C_1y,3.0,73,0.2,-1.7969,3.7808,0.7431,39.726,-1.9273,-0.5298,-1.4098,,-1.9273,"13 days, 13:32:00",FAIL
TimeSeriesMomentum,1h,C_1y,3.0,114,0.3123,-6.4928,10.0824,0.6661,38.5965,-2.0358,-1.078,-2.1383,,-2.0358,"12 days, 21:24:00",FAIL
TimeSeriesMomentum,4h,E_2y,3.0,169,0.2315,0.524,3.8501,1.0413,48.5207,-0.2861,0.0835,0.2413,,-0.2861,"11 days, 18:46:00",FAIL
TimeSeriesMomentum,1h,E_2y,3.0,255,0.3493,1.0996,9.2781,1.0315,49.4118,-0.0493,0.0944,0.2535,,-0.0493,"11 days, 5:12:00",FAIL
DonchianBreakout,1d,A_1m,3.0,8,0.2581,0.4314,0.1161,4.6944,62.5,4.2818,3.5148,9.7921,,4.2818,"4 days, 12:00:00",LOW_ACTIVITY
DonchianBreakout,1d,B_6m,3.0,21,0.1141,0.1909,0.314,1.2868,47.619,0.135,0.2611,0.8929,,0.135,"17 days, 12:34:00",ACTIVE_CANDIDATE
DonchianBreakout,1d,C_1y,3.0,33,0.0904,-0.1847,0.8523,0.8653,42.4242,-1.1697,-0.1187,-0.3379,,-1.1697,"16 days, 5:49:00",FAIL
DonchianBreakout,1d,D_13m,3.0,38,0.096,-0.4851,0.9888,0.7102,39.4737,-1.8242,-0.2982,-0.8143,,-1.8242,"15 days, 12:38:00",FAIL
DonchianBreakout,1d,E_2y,3.0,86,0.1178,0.9365,0.9291,1.36,55.814,1.2557,0.3333,1.1917,,1.2557,"12 days, 8:56:00",ACTIVE_CANDIDATE
DonchianBreakout,1d,C_1y,2.0,33,0.0904,-0.2143,0.6756,0.7969,42.4242,-1.1697,-0.1904,-0.6484,,-1.1697,"16 days, 5:49:00",FAIL
DonchianBreakout,1d,C_1y,5.0,33,0.0904,-0.3437,1.4087,0.8491,42.4242,-1.1697,-0.1339,-0.3699,,-1.1697,"16 days, 5:49:00",FAIL
DonchianBreakout,4h,B_6m,3.0,48,0.2609,1.385,1.8386,1.395,54.1667,1.2616,0.7857,2.3036,,1.2616,"14 days, 15:50:00",ACTIVE_CANDIDATE
DonchianBreakout,1h,B_6m,3.0,51,0.2772,2.9478,2.29,1.5358,58.8235,1.3643,1.0236,3.2561,,1.3643,"16 days, 19:33:00",ACTIVE_CANDIDATE
DonchianBreakout,4h,C_1y,3.0,94,0.2575,-1.7766,4.8202,0.7925,42.5532,-1.3311,-0.5392,-1.4401,,-1.3311,"13 days, 9:17:00",FAIL
DonchianBreakout,1h,C_1y,3.0,130,0.3562,-6.151,10.5381,0.685,43.0769,-1.6144,-1.1098,-1.8787,,-1.6144,"12 days, 13:53:00",FAIL
DonchianBreakout,4h,E_2y,3.0,233,0.3192,1.3704,4.7654,1.0822,52.7897,0.5788,0.2252,0.6049,,0.5788,"10 days, 19:25:00",WATCH
DonchianBreakout,1h,E_2y,3.0,316,0.4329,2.948,9.9172,1.079,51.5823,0.1775,0.2782,0.5241,,0.1775,"10 days, 7:20:00",WATCH
ATRVolatilityBreakout,1d,A_1m,3.0,10,0.3226,0.5358,0.1128,5.721,70.0,4.4478,4.6344,12.3373,,4.4478,"5 days, 2:24:00",LOW_ACTIVITY
ATRVolatilityBreakout,1d,B_6m,3.0,15,0.0815,0.4395,0.1579,2.3262,60.0,2.2626,0.5995,1.6246,,2.2626,"10 days, 22:24:00",ACTIVE_CANDIDATE
ATRVolatilityBreakout,1d,C_1y,3.0,28,0.0767,-0.3126,0.8863,0.7395,39.2857,-2.0724,-0.2045,-0.5562,,-2.0724,"8 days, 7:43:00",FAIL
ATRVolatilityBreakout,1d,D_13m,3.0,32,0.0808,-0.285,0.8606,0.7789,40.625,-1.8246,-0.1797,-0.5385,,-1.8246,"9 days, 21:45:00",FAIL
ATRVolatilityBreakout,1d,E_2y,3.0,70,0.0959,0.4965,1.1144,1.2309,52.8571,0.5588,0.1808,0.6073,,0.5588,"8 days, 17:50:00",ACTIVE_CANDIDATE
ATRVolatilityBreakout,1d,C_1y,2.0,28,0.0767,-0.2956,0.6729,0.6794,39.2857,-2.0724,-0.2696,-0.9044,,-2.0724,"8 days, 7:43:00",FAIL
ATRVolatilityBreakout,1d,C_1y,5.0,28,0.0767,-0.5008,1.4482,0.7407,39.2857,-2.0724,-0.1992,-0.4804,,-2.0724,"8 days, 7:43:00",FAIL
ATRVolatilityBreakout,4h,B_6m,3.0,45,0.2446,0.7329,1.7412,1.2146,48.8889,0.4722,0.424,1.1524,,0.4722,"15 days, 5:36:00",ACTIVE_CANDIDATE
ATRVolatilityBreakout,1h,B_6m,3.0,52,0.2826,2.018,3.4969,1.31,55.7692,1.0926,0.6415,1.2292,,1.0926,"15 days, 23:46:00",ACTIVE_CANDIDATE
ATRVolatilityBreakout,4h,C_1y,3.0,91,0.2493,-0.9994,3.3449,0.8677,41.7582,-1.3635,-0.3156,-0.8759,,-1.3635,"13 days, 0:11:00",FAIL
ATRVolatilityBreakout,1h,C_1y,3.0,126,0.3452,-4.5507,8.9711,0.7565,43.6508,-1.3631,-0.8489,-2.1424,,-1.3631,"12 days, 3:56:00",FAIL
ATRVolatilityBreakout,4h,E_2y,3.0,207,0.2836,4.1973,3.3339,1.3164,56.0386,1.3001,0.6941,1.9549,,1.3001,"10 days, 17:10:00",ACTIVE_CANDIDATE
ATRVolatilityBreakout,1h,E_2y,3.0,305,0.4178,1.4343,8.7538,1.0388,51.8033,0.2777,0.1403,0.3539,,0.2777,"9 days, 18:24:00",WATCH
VolumeConfirmedBreakout,1d,A_1m,3.0,8,0.2581,0.4314,0.1161,4.6944,62.5,4.2818,3.5148,9.7921,,4.2818,"4 days, 12:00:00",LOW_ACTIVITY
VolumeConfirmedBreakout,1d,B_6m,3.0,14,0.0761,0.1458,0.2726,1.2952,42.8571,-0.4746,0.175,0.5422,,-0.4746,"13 days, 0:00:00",FAIL
VolumeConfirmedBreakout,1d,C_1y,3.0,21,0.0575,-0.3042,0.8261,0.7099,33.3333,-2.7486,-0.1781,-0.5164,,-2.7486,"12 days, 9:09:00",FAIL
VolumeConfirmedBreakout,1d,D_13m,3.0,26,0.0657,-0.727,1.1423,0.4937,26.9231,-4.1777,-0.4227,-1.1858,,-4.1777,"11 days, 20:18:00",FAIL
VolumeConfirmedBreakout,1d,E_2y,3.0,60,0.0822,0.2824,1.159,1.1308,50.0,0.1571,0.0917,0.2861,,0.1571,"9 days, 14:00:00",ACTIVE_CANDIDATE
VolumeConfirmedBreakout,1d,C_1y,2.0,21,0.0575,-0.2761,0.6028,0.6397,33.3333,-2.7486,-0.2369,-0.7697,,-2.7486,"12 days, 9:09:00",FAIL
VolumeConfirmedBreakout,1d,C_1y,5.0,21,0.0575,-0.5232,1.3896,0.7034,33.3333,-2.7486,-0.1824,-0.5171,,-2.7486,"12 days, 9:09:00",FAIL
VolumeConfirmedBreakout,4h,B_6m,3.0,44,0.2391,0.965,2.0451,1.2892,52.2727,0.7427,0.546,1.5903,,0.7427,"14 days, 20:33:00",ACTIVE_CANDIDATE
VolumeConfirmedBreakout,1h,B_6m,3.0,43,0.2337,4.2005,1.6182,2.0521,62.7907,2.5979,1.4467,4.2502,,2.5979,"19 days, 8:49:00",ACTIVE_CANDIDATE
VolumeConfirmedBreakout,4h,C_1y,3.0,80,0.2192,-1.8728,4.5581,0.7537,40.0,-1.9015,-0.5567,-1.6075,,-1.9015,"13 days, 23:18:00",FAIL
VolumeConfirmedBreakout,1h,C_1y,3.0,111,0.3041,-3.8499,9.1051,0.7824,45.9459,-0.8659,-0.6088,-0.949,,-0.8659,"13 days, 14:50:00",FAIL
VolumeConfirmedBreakout,4h,E_2y,3.0,191,0.2616,1.6267,4.5322,1.1138,51.3089,0.2609,0.2531,0.7509,,0.2609,"11 days, 6:58:00",ACTIVE_CANDIDATE
VolumeConfirmedBreakout,1h,E_2y,3.0,279,0.3822,2.6783,8.8547,1.074,53.405,0.6145,0.2302,0.406,,0.6145,"10 days, 14:49:00",WATCH
BollingerBreakout,1d,A_1m,3.0,7,0.2258,0.433,0.1145,4.7624,71.4286,4.9213,3.4357,33.1755,,4.9213,"2 days, 3:26:00",LOW_ACTIVITY
BollingerBreakout,1d,B_6m,3.0,20,0.1087,0.1365,0.3721,1.1904,50.0,0.1509,0.175,0.805,,0.1509,"16 days, 1:12:00",ACTIVE_CANDIDATE
BollingerBreakout,1d,C_1y,3.0,32,0.0877,-0.0821,0.6363,0.9367,46.875,-0.5697,-0.0526,-0.1866,,-0.5697,"15 days, 3:00:00",FAIL
BollingerBreakout,1d,D_13m,3.0,37,0.0934,-0.3921,0.8417,0.7587,43.2432,-1.3229,-0.2378,-0.8445,,-1.3229,"15 days, 6:29:00",FAIL
BollingerBreakout,1d,E_2y,3.0,80,0.1096,0.6865,0.9118,1.2716,55.0,0.9796,0.2432,1.0247,,0.9796,"12 days, 18:00:00",ACTIVE_CANDIDATE
BollingerBreakout,1d,C_1y,2.0,32,0.0877,-0.073,0.443,0.9252,46.875,-0.5697,-0.0643,-0.375,,-0.5697,"15 days, 3:00:00",FAIL
BollingerBreakout,1d,C_1y,5.0,32,0.0877,-0.1447,1.0584,0.9321,46.875,-0.5697,-0.0562,-0.1802,,-0.5697,"15 days, 3:00:00",FAIL
BollingerBreakout,4h,B_6m,3.0,38,0.2065,0.8765,1.7454,1.314,55.2632,0.952,0.4948,1.1872,,0.952,"17 days, 15:35:00",ACTIVE_CANDIDATE
BollingerBreakout,1h,B_6m,3.0,43,0.2337,2.1576,2.3981,1.4454,62.7907,2.2273,0.7238,1.18,,2.2273,"19 days, 16:20:00",ACTIVE_CANDIDATE
BollingerBreakout,4h,C_1y,3.0,80,0.2192,-2.9914,4.7355,0.6163,37.5,-2.6211,-0.9479,-2.4508,,-2.6211,"15 days, 19:39:00",FAIL
BollingerBreakout,1h,C_1y,3.0,129,0.3534,-4.5249,8.5242,0.7641,44.9612,-1.1941,-0.799,-1.5355,,-1.1941,"12 days, 8:36:00",FAIL
BollingerBreakout,4h,E_2y,3.0,206,0.2822,0.2866,4.6793,1.0191,50.4854,0.005,0.0477,0.132,,0.005,"12 days, 1:48:00",WATCH
BollingerBreakout,1h,E_2y,3.0,303,0.4151,2.3803,7.9566,1.0644,51.4851,0.1731,0.2216,0.4621,,0.1731,"10 days, 11:27:00",WATCH
TTMSqueeze,1d,A_1m,3.0,3,0.0968,0.3281,0.0,0.0,100.0,10.0017,12.697,-100.0,,10.0017,"2 days, 8:00:00",FAIL
TTMSqueeze,1d,B_6m,3.0,15,0.0815,0.1186,0.3455,1.2305,46.6667,-0.7618,0.1545,0.8823,,-0.7618,"18 days, 12:48:00",FAIL
TTMSqueeze,1d,C_1y,3.0,23,0.063,-0.1482,0.7111,0.8444,39.1304,-2.2827,-0.0983,-0.5367,,-2.2827,"16 days, 11:29:00",FAIL
TTMSqueeze,1d,D_13m,3.0,25,0.0631,-0.1678,0.7758,0.8352,40.0,-2.1072,-0.1051,-0.5786,,-2.1072,"15 days, 22:05:00",FAIL
TTMSqueeze,1d,E_2y,3.0,44,0.0603,0.1247,0.775,1.0825,47.7273,-0.5481,0.0441,0.2486,,-0.5481,"15 days, 1:38:00",FAIL
TTMSqueeze,1d,C_1y,2.0,23,0.063,-0.231,0.582,0.7103,39.1304,-2.2827,-0.2051,-3.0426,,-2.2827,"16 days, 11:29:00",FAIL
TTMSqueeze,1d,C_1y,5.0,23,0.063,-0.2131,1.171,0.8647,39.1304,-2.2827,-0.0838,-0.3913,,-2.2827,"16 days, 11:29:00",FAIL
TTMSqueeze,4h,B_6m,3.0,28,0.1522,1.5614,0.5483,1.8573,64.2857,2.6819,0.8415,3.6771,,2.6819,"19 days, 4:00:00",ACTIVE_CANDIDATE
TTMSqueeze,1h,B_6m,3.0,43,0.2337,1.0263,2.4793,1.171,55.814,1.2084,0.3218,0.7937,,1.2084,"18 days, 4:22:00",ACTIVE_CANDIDATE
TTMSqueeze,4h,C_1y,3.0,57,0.1562,-0.4795,2.4777,0.9081,45.614,-1.0291,-0.1328,-0.3826,,-1.0291,"14 days, 20:17:00",FAIL
TTMSqueeze,1h,C_1y,3.0,106,0.2904,-8.0816,10.3606,0.5538,39.6226,-2.1327,-1.4648,-2.6984,,-2.1327,"13 days, 9:06:00",FAIL
TTMSqueeze,4h,E_2y,3.0,131,0.1795,2.1355,2.3114,1.2219,51.9084,0.272,0.3201,1.0594,,0.272,"13 days, 9:33:00",ACTIVE_CANDIDATE
TTMSqueeze,1h,E_2y,3.0,251,0.3438,-1.255,10.2528,0.9641,50.5976,0.0528,-0.1086,-0.223,,0.0528,"11 days, 1:57:00",FAIL
TrendPullbackRetest,1d,A_1m,3.0,3,0.0968,0.2351,0.0,0.0,100.0,7.4468,3.3166,-100.0,,7.4468,"1 day, 0:00:00",FAIL
TrendPullbackRetest,1d,B_6m,3.0,6,0.0326,-0.0446,0.2797,0.8404,50.0,-1.3664,-0.0508,-3.2182,,-1.3664,"7 days, 8:00:00",FAIL
TrendPullbackRetest,1d,C_1y,3.0,20,0.0548,-0.5353,0.9033,0.4746,30.0,-4.5084,-0.3712,-1.5419,,-4.5084,"7 days, 7:12:00",FAIL
TrendPullbackRetest,1d,D_13m,3.0,27,0.0682,-0.6933,1.0025,0.4522,33.3333,-3.7364,-0.4978,-1.6677,,-3.7364,"10 days, 3:33:00",FAIL
TrendPullbackRetest,1d,E_2y,3.0,51,0.0699,-0.5764,1.0007,0.7097,41.1765,-2.0203,-0.2767,-1.0837,,-2.0203,"10 days, 18:49:00",FAIL
TrendPullbackRetest,1d,C_1y,2.0,20,0.0548,-0.4434,0.6809,0.433,30.0,-4.5084,-0.433,-4.7999,,-4.5084,"7 days, 7:12:00",FAIL
TrendPullbackRetest,1d,C_1y,5.0,20,0.0548,-0.8712,1.4861,0.4769,30.0,-4.5084,-0.3604,-1.1437,,-4.5084,"7 days, 7:12:00",FAIL
TrendPullbackRetest,4h,B_6m,3.0,38,0.2065,0.6477,1.359,1.2529,50.0,0.58,0.4087,0.987,,0.58,"16 days, 16:44:00",ACTIVE_CANDIDATE
TrendPullbackRetest,1h,B_6m,3.0,49,0.2663,1.6778,2.9141,1.27,51.0204,0.47,0.5548,1.4372,,0.47,"16 days, 10:27:00",ACTIVE_CANDIDATE
TrendPullbackRetest,4h,C_1y,3.0,64,0.1753,-2.3832,3.7981,0.6074,35.9375,-2.5294,-0.7591,-1.6435,,-2.5294,"15 days, 21:00:00",FAIL
TrendPullbackRetest,1h,C_1y,3.0,117,0.3205,-5.9251,9.8761,0.6828,39.3162,-2.0971,-1.0836,-2.8115,,-2.0971,"12 days, 11:59:00",FAIL
TrendPullbackRetest,4h,E_2y,3.0,170,0.2329,0.6089,3.3012,1.052,48.2353,-0.2955,0.1047,0.3197,,-0.2955,"12 days, 11:37:00",FAIL
TrendPullbackRetest,1h,E_2y,3.0,277,0.3795,-1.006,9.9934,0.9716,49.0975,-0.2088,-0.0968,-0.2662,,-0.2088,"10 days, 16:57:00",FAIL
VWAPPullback,1d,A_1m,3.0,7,0.2258,0.5546,0.0283,20.4534,71.4286,6.619,5.3503,90.8967,,6.619,"3 days, 17:09:00",LOW_ACTIVITY
VWAPPullback,1d,B_6m,3.0,15,0.0815,0.2663,0.3284,1.5856,53.3333,1.6965,0.3373,0.7987,,1.6965,"17 days, 19:12:00",ACTIVE_CANDIDATE
VWAPPullback,1d,C_1y,3.0,27,0.074,0.0805,0.5733,1.0805,44.4444,-0.592,0.0513,0.1605,,-0.592,"12 days, 18:40:00",FAIL
VWAPPullback,1d,D_13m,3.0,33,0.0833,0.0646,0.7439,1.0557,48.4848,0.111,0.0407,0.1166,,0.111,"14 days, 14:33:00",WATCH
VWAPPullback,1d,E_2y,3.0,83,0.1137,0.3812,0.8297,1.1447,50.6024,0.2338,0.1405,0.4868,,0.2338,"11 days, 16:12:00",ACTIVE_CANDIDATE
VWAPPullback,1d,C_1y,2.0,27,0.074,-0.0115,0.454,0.9849,44.4444,-0.592,-0.0103,-0.0368,,-0.592,"12 days, 18:40:00",FAIL
VWAPPullback,1d,C_1y,5.0,27,0.074,0.13,0.9608,1.0783,44.4444,-0.592,0.0496,0.1418,,-0.592,"12 days, 18:40:00",FAIL
VWAPPullback,4h,B_6m,3.0,44,0.2391,1.1963,1.6417,1.4092,52.2727,1.3322,0.7262,1.6576,,1.3322,"14 days, 20:00:00",ACTIVE_CANDIDATE
VWAPPullback,1h,B_6m,3.0,53,0.288,2.2825,2.6854,1.3619,52.8302,1.1134,0.7513,1.7761,,1.1134,"15 days, 20:16:00",ACTIVE_CANDIDATE
VWAPPullback,4h,C_1y,3.0,77,0.211,-1.919,3.9039,0.7223,40.2597,-1.5047,-0.5983,-1.2727,,-1.5047,"14 days, 9:55:00",FAIL
VWAPPullback,1h,C_1y,3.0,129,0.3534,-6.2429,10.982,0.689,40.3101,-1.7851,-1.1401,-2.7023,,-1.7851,"11 days, 22:51:00",FAIL
VWAPPullback,4h,E_2y,3.0,192,0.263,2.1835,3.3991,1.1715,51.5625,0.4466,0.3689,0.9216,,0.4466,"11 days, 13:25:00",ACTIVE_CANDIDATE
VWAPPullback,1h,E_2y,3.0,306,0.4192,-1.0834,10.678,0.9719,48.6928,-0.2436,-0.1046,-0.2737,,-0.2436,"10 days, 2:35:00",FAIL
RSIMeanReversion,1d,A_1m,3.0,0,0.0,0.0,0.0,0.0,0.0,0.0,0.0,0.0,,0.0,0:00:00,FAIL
RSIMeanReversion,1d,B_6m,3.0,5,0.0272,-0.2376,0.2935,0.1908,20.0,-6.1422,-0.4705,-2.6342,,-6.1422,"2 days, 4:48:00",FAIL
RSIMeanReversion,1d,C_1y,3.0,21,0.0575,-0.1772,0.4558,0.7529,47.619,-0.569,-0.1546,-0.9518,,-0.569,"6 days, 4:34:00",FAIL
RSIMeanReversion,1d,D_13m,3.0,20,0.0505,-0.2393,0.4561,0.6664,45.0,-1.0975,-0.1946,-1.1845,,-1.0975,"6 days, 6:00:00",FAIL
RSIMeanReversion,1d,E_2y,3.0,25,0.0342,-0.3159,0.4565,0.6487,44.0,-1.2995,-0.1409,-0.8589,,-1.2995,"5 days, 8:38:00",FAIL
RSIMeanReversion,1d,C_1y,2.0,21,0.0575,-0.0774,0.3483,0.8728,47.619,-0.569,-0.0747,-1.3014,,-0.569,"6 days, 4:34:00",FAIL
RSIMeanReversion,1d,C_1y,5.0,21,0.0575,-0.4241,0.7945,0.6227,47.619,-0.569,-0.2501,-0.8308,,-0.569,"6 days, 4:34:00",FAIL
RSIMeanReversion,4h,B_6m,3.0,33,0.1793,0.0974,0.8947,1.0934,72.7273,-0.0034,0.1153,0.1278,,-0.0034,"4 days, 16:51:00",FAIL
RSIMeanReversion,1h,B_6m,3.0,166,0.9022,1.3033,2.5337,1.261,70.4819,0.0773,1.3645,1.1402,,0.0773,"1 day, 7:22:00",ACTIVE_CANDIDATE
RSIMeanReversion,4h,C_1y,3.0,88,0.2411,-1.5519,2.2828,0.6602,56.8182,-1.2312,-0.8024,-1.3289,,-1.2312,"3 days, 17:22:00",FAIL
RSIMeanReversion,1h,C_1y,3.0,343,0.9397,-4.3112,7.3709,0.7197,64.4315,-0.3325,-1.9543,-1.7912,,-0.3325,"1 day, 7:08:00",FAIL
RSIMeanReversion,4h,E_2y,3.0,174,0.2384,-0.3519,2.2729,0.9507,64.9425,-0.1831,-0.0964,-0.1514,,-0.1831,"3 days, 6:46:00",FAIL
RSIMeanReversion,1h,E_2y,3.0,609,0.8342,-8.9661,11.9746,0.695,63.8752,-0.2893,-1.9289,-1.7873,,-0.2893,"1 day, 5:43:00",FAIL
BollingerMeanReversion,1d,A_1m,3.0,0,0.0,0.0,0.0,0.0,0.0,0.0,0.0,0.0,,0.0,0:00:00,FAIL
BollingerMeanReversion,1d,B_6m,3.0,11,0.0598,-0.203,0.4775,0.575,45.4545,-2.003,-0.3036,-1.4821,,-2.003,"7 days, 2:11:00",FAIL
BollingerMeanReversion,1d,C_1y,3.0,40,0.1096,-0.2957,0.8799,0.7649,52.5,-0.8905,-0.266,-1.1448,,-0.8905,"5 days, 19:48:00",FAIL
BollingerMeanReversion,1d,D_13m,3.0,41,0.1035,-0.2763,0.8797,0.7804,53.6585,-0.8304,-0.231,-0.9857,,-0.8304,"6 days, 0:35:00",FAIL
BollingerMeanReversion,1d,E_2y,3.0,79,0.1082,-0.2624,0.8796,0.8782,56.962,-0.5023,-0.1255,-0.5533,,-0.5023,"5 days, 17:01:00",FAIL
BollingerMeanReversion,1d,C_1y,2.0,40,0.1096,-0.1872,0.7163,0.8232,52.5,-0.8905,-0.1966,-2.7962,,-0.8905,"5 days, 19:48:00",FAIL
BollingerMeanReversion,1d,C_1y,5.0,40,0.1096,-0.5562,1.4209,0.7192,52.5,-0.8905,-0.3194,-0.933,,-0.8905,"5 days, 19:48:00",FAIL
BollingerMeanReversion,4h,B_6m,3.0,111,0.6033,0.5339,1.1945,1.2319,71.1712,0.3363,0.8296,0.7144,,0.3363,"2 days, 3:06:00",ACTIVE_CANDIDATE
BollingerMeanReversion,1h,B_6m,3.0,409,2.2228,-2.0182,3.5174,0.8055,59.1687,-0.1489,-3.1043,-3.0613,,-0.1489,14:50:00,FAIL
BollingerMeanReversion,4h,C_1y,3.0,232,0.6356,-1.6901,3.0427,0.7637,62.5,-0.2919,-1.1713,-1.2026,,-0.2919,"2 days, 2:05:00",FAIL
BollingerMeanReversion,1h,C_1y,3.0,861,2.3589,-10.1602,11.983,0.6278,59.5819,-0.3681,-6.496,-5.819,,-0.3681,14:16:00,FAIL
BollingerMeanReversion,4h,E_2y,3.0,432,0.5918,-3.102,4.7367,0.7642,62.2685,-0.2984,-1.1027,-1.1611,,-0.2984,"1 day, 22:47:00",FAIL
BollingerMeanReversion,1h,E_2y,3.0,1732,2.3726,-13.844,16.0588,0.7216,63.0485,-0.1679,-4.4906,-3.8103,,-0.1679,13:34:00,FAIL
ZScoreMeanReversion,1d,A_1m,3.0,1,0.0323,0.0977,0.0,0.0,100.0,10.0035,-100.0,-100.0,,10.0035,"6 days, 0:00:00",FAIL
ZScoreMeanReversion,1d,B_6m,3.0,12,0.0652,-0.1251,0.4752,0.737,50.0,-0.7168,-0.1827,-0.9717,,-0.7168,"9 days, 0:00:00",FAIL
ZScoreMeanReversion,1d,C_1y,3.0,30,0.0822,-0.2865,0.8432,0.7337,46.6667,-1.0126,-0.2373,-1.115,,-1.0126,"6 days, 12:00:00",FAIL
ZScoreMeanReversion,1d,D_13m,3.0,31,0.0783,-0.2627,0.843,0.7559,48.3871,-0.912,-0.203,-0.9423,,-0.912,"7 days, 0:46:00",FAIL
ZScoreMeanReversion,1d,E_2y,3.0,47,0.0644,-0.1442,0.8428,0.9014,53.1915,0.0063,-0.0619,-0.2841,,0.0063,"6 days, 14:18:00",FAIL
ZScoreMeanReversion,1d,C_1y,2.0,30,0.0822,-0.1736,0.6844,0.8064,46.6667,-1.0126,-0.1677,-2.8843,,-1.0126,"6 days, 12:00:00",FAIL
ZScoreMeanReversion,1d,C_1y,5.0,30,0.0822,-0.5105,1.3328,0.6894,46.6667,-1.0126,-0.2751,-0.7695,,-1.0126,"6 days, 12:00:00",FAIL
ZScoreMeanReversion,4h,B_6m,3.0,62,0.337,0.3865,1.2332,1.2184,64.5161,0.1423,0.4744,0.478,,0.1423,"3 days, 12:46:00",ACTIVE_CANDIDATE
ZScoreMeanReversion,1h,B_6m,3.0,236,1.2826,-0.8444,3.2611,0.8897,61.4407,-0.2134,-0.9521,-0.8776,,-0.2134,"1 day, 3:15:00",FAIL
ZScoreMeanReversion,4h,C_1y,3.0,132,0.3616,-1.4384,2.7308,0.7575,57.5758,-0.7112,-0.7735,-1.0297,,-0.7112,"3 days, 10:15:00",FAIL
ZScoreMeanReversion,1h,C_1y,3.0,508,1.3918,-9.0905,10.8932,0.5963,60.2362,-0.5323,-4.3511,-3.9661,,-0.5323,"1 day, 1:36:00",FAIL
ZScoreMeanReversion,4h,E_2y,3.0,245,0.3356,-1.591,3.6836,0.8393,60.4082,-0.53,-0.4531,-0.5892,,-0.53,"3 days, 1:46:00",FAIL
ZScoreMeanReversion,1h,E_2y,3.0,963,1.3192,-16.18,17.7078,0.6146,62.4091,-0.4263,-3.8351,-3.3945,,-0.4263,"1 day, 0:32:00",FAIL
TrendMomVol,1d,A_1m,3.0,3,0.0968,0.3537,0.0,0.0,100.0,9.9995,9.7799,-100.0,,9.9995,"1 day, 0:00:00",FAIL
TrendMomVol,1d,B_6m,3.0,14,0.0761,0.2683,0.1857,1.6405,57.1429,1.352,0.3511,2.1034,,1.352,"22 days, 3:26:00",LOW_ACTIVITY
TrendMomVol,1d,C_1y,3.0,29,0.0795,-0.454,0.9628,0.6615,34.4828,-3.2203,-0.3039,-1.5556,,-3.2203,"16 days, 4:08:00",FAIL
TrendMomVol,1d,D_13m,3.0,28,0.0707,-0.6241,1.0705,0.5458,32.1429,-3.6926,-0.4013,-1.7318,,-3.6926,"18 days, 1:43:00",FAIL
TrendMomVol,1d,E_2y,3.0,61,0.0836,-0.2854,1.1212,0.8719,44.2623,-1.2469,-0.1062,-0.4799,,-1.2469,"15 days, 1:58:00",FAIL
TrendMomVol,1d,C_1y,2.0,29,0.0795,-0.4332,0.7956,0.5952,34.4828,-3.2203,-0.3935,-6.4944,,-3.2203,"16 days, 4:08:00",FAIL
TrendMomVol,1d,C_1y,5.0,29,0.0795,-0.776,1.6166,0.6536,34.4828,-3.2203,-0.3122,-1.4518,,-3.2203,"16 days, 4:08:00",FAIL
TrendMomVol,4h,B_6m,3.0,40,0.2174,1.0269,1.1334,1.3681,52.5,1.332,0.6099,1.4322,,1.332,"13 days, 18:42:00",ACTIVE_CANDIDATE
TrendMomVol,1h,B_6m,3.0,21,0.1141,2.592,0.451,3.2352,71.4286,4.8325,1.3054,3.4363,,4.8325,"18 days, 1:14:00",ACTIVE_CANDIDATE
TrendMomVol,4h,C_1y,3.0,87,0.2384,-2.4385,3.9565,0.6835,37.931,-2.1029,-0.8204,-2.3306,,-2.1029,"12 days, 8:41:00",FAIL
TrendMomVol,1h,C_1y,3.0,85,0.2329,1.0376,3.6215,1.1212,50.5882,0.1772,0.2475,0.952,,0.1772,"10 days, 2:47:00",ACTIVE_CANDIDATE
TrendMomVol,4h,E_2y,3.0,184,0.2521,-0.1765,4.2254,0.9866,47.8261,-0.3285,-0.0306,-0.0922,,-0.3285,"11 days, 8:18:00",FAIL
TrendMomVol,1h,E_2y,3.0,210,0.2877,4.0242,3.8221,1.2035,52.381,0.4511,0.49,1.6611,,0.4511,"8 days, 23:21:00",ACTIVE_CANDIDATE
TrendVolume,1d,A_1m,3.0,3,0.0968,0.3537,0.0,0.0,100.0,9.9995,9.7799,-100.0,,9.9995,"1 day, 0:00:00",FAIL
TrendVolume,1d,B_6m,3.0,14,0.0761,0.2679,0.1857,1.6396,57.1429,1.3519,0.3506,2.1004,,1.3519,"22 days, 0:00:00",LOW_ACTIVITY
TrendVolume,1d,C_1y,3.0,24,0.0658,-0.0682,0.658,0.9293,41.6667,-1.7705,-0.0442,-0.2406,,-1.7705,"17 days, 4:00:00",FAIL
TrendVolume,1d,D_13m,3.0,24,0.0606,-0.32,0.766,0.7014,37.5,-2.6114,-0.1997,-0.8922,,-2.6114,"18 days, 22:00:00",FAIL
TrendVolume,1d,E_2y,3.0,55,0.0753,0.0909,0.8209,1.0483,47.2727,-0.6394,0.0329,0.1593,,-0.6394,"14 days, 4:48:00",FAIL
TrendVolume,1d,C_1y,2.0,24,0.0658,-0.1549,0.5684,0.8045,41.6667,-1.7705,-0.1351,-1.9793,,-1.7705,"17 days, 4:00:00",FAIL
TrendVolume,1d,C_1y,5.0,24,0.0658,-0.1188,1.0937,0.9259,41.6667,-1.7705,-0.0463,-0.2311,,-1.7705,"17 days, 4:00:00",FAIL
TrendVolume,4h,B_6m,3.0,34,0.1848,0.7512,1.973,1.2735,47.0588,0.368,0.3841,0.9199,,0.368,"14 days, 21:32:00",ACTIVE_CANDIDATE
TrendVolume,1h,B_6m,3.0,43,0.2337,2.9161,2.5057,1.5521,58.1395,1.7845,0.8969,2.7606,,1.7845,"18 days, 5:50:00",ACTIVE_CANDIDATE
TrendVolume,4h,C_1y,3.0,76,0.2082,-1.3602,3.577,0.7958,39.4737,-1.7433,-0.4143,-1.1735,,-1.7433,"13 days, 15:16:00",FAIL
TrendVolume,1h,C_1y,3.0,114,0.3123,-2.9959,7.4812,0.8242,43.8596,-1.241,-0.5204,-1.2184,,-1.241,"13 days, 1:01:00",FAIL
TrendVolume,4h,E_2y,3.0,166,0.2274,1.1034,3.8368,1.094,50.0,0.1258,0.1812,0.5308,,0.1258,"12 days, 0:25:00",WATCH
TrendVolume,1h,E_2y,3.0,263,0.3603,6.1056,6.5905,1.1862,51.711,0.2939,0.5331,1.3481,,0.2939,"10 days, 19:38:00",ACTIVE_CANDIDATE
KeltnerChannel,1d,A_1m,3.0,10,0.3226,0.4818,0.0764,7.1638,70.0,4.0296,4.477,17.0147,,4.0296,"4 days, 21:36:00",LOW_ACTIVITY
KeltnerChannel,1d,B_6m,3.0,19,0.1033,0.1572,0.3593,1.2893,47.3684,-0.5761,0.2188,0.7066,,-0.5761,"14 days, 6:19:00",FAIL
KeltnerChannel,1d,C_1y,3.0,32,0.0877,-0.3791,0.999,0.7157,37.5,-2.5854,-0.2561,-0.7688,,-2.5854,"11 days, 17:15:00",FAIL
KeltnerChannel,1d,D_13m,3.0,37,0.0934,-0.3707,1.0003,0.7561,40.5405,-1.9754,-0.2291,-0.6488,,-1.9754,"11 days, 22:42:00",FAIL
KeltnerChannel,1d,E_2y,3.0,73,0.1,0.5118,0.9842,1.2238,52.0548,0.3368,0.182,0.6593,,0.3368,"12 days, 7:53:00",ACTIVE_CANDIDATE
KeltnerChannel,1d,C_1y,2.0,32,0.0877,-0.3863,0.7952,0.6264,37.5,-2.5854,-0.368,-1.2963,,-2.5854,"11 days, 17:15:00",FAIL
KeltnerChannel,1d,C_1y,5.0,32,0.0877,-0.6402,1.656,0.7112,37.5,-2.5854,-0.26,-0.7509,,-2.5854,"11 days, 17:15:00",FAIL
KeltnerChannel,4h,B_6m,3.0,37,0.2011,0.4851,2.0162,1.1635,51.3514,0.4664,0.2713,0.707,,0.4664,"17 days, 13:24:00",ACTIVE_CANDIDATE
KeltnerChannel,1h,B_6m,3.0,41,0.2228,1.3837,2.7928,1.268,56.0976,1.868,0.4504,0.811,,1.868,"19 days, 22:23:00",ACTIVE_CANDIDATE
KeltnerChannel,4h,C_1y,3.0,82,0.2247,-2.6263,4.6129,0.6679,37.8049,-2.4223,-0.8154,-2.2188,,-2.4223,"13 days, 19:19:00",FAIL
KeltnerChannel,1h,C_1y,3.0,120,0.3288,-5.9561,9.2655,0.68,43.3333,-1.1861,-1.1228,-2.5913,,-1.1861,"12 days, 22:15:00",FAIL
KeltnerChannel,4h,E_2y,3.0,182,0.2493,1.2472,4.4745,1.0926,52.1978,0.412,0.1986,0.5878,,0.412,"12 days, 10:12:00",WATCH
KeltnerChannel,1h,E_2y,3.0,303,0.4151,-1.9492,9.3978,0.949,50.165,0.0426,-0.1905,-0.4456,,0.0426,"10 days, 3:52:00",FAIL
MultiIndicatorConfluence,1d,A_1m,3.0,10,0.3226,0.619,0.0857,8.0692,80.0,4.8273,5.3103,57.3291,,4.8273,"3 days, 19:12:00",LOW_ACTIVITY
MultiIndicatorConfluence,1d,B_6m,3.0,30,0.163,0.1763,0.3677,1.2009,56.6667,0.8775,0.2684,1.0514,,0.8775,"16 days, 21:36:00",ACTIVE_CANDIDATE
MultiIndicatorConfluence,1d,C_1y,3.0,48,0.1315,-0.6471,1.0869,0.6636,41.6667,-2.0074,-0.4912,-1.7414,,-2.0074,"14 days, 12:30:00",FAIL
MultiIndicatorConfluence,1d,D_13m,3.0,52,0.1313,-0.5805,1.0203,0.7079,42.3077,-1.8599,-0.4149,-1.6282,,-1.8599,"14 days, 21:42:00",FAIL
MultiIndicatorConfluence,1d,E_2y,3.0,115,0.1575,0.1753,1.074,1.0482,50.4348,-0.1002,0.0684,0.3019,,-0.1002,"12 days, 17:07:00",FAIL
MultiIndicatorConfluence,1d,C_1y,2.0,48,0.1315,-0.5488,0.8723,0.6457,41.6667,-2.0074,-0.5375,-3.394,,-2.0074,"14 days, 12:30:00",FAIL
MultiIndicatorConfluence,1d,C_1y,5.0,48,0.1315,-1.0648,1.7872,0.6581,41.6667,-2.0074,-0.4981,-1.6339,,-2.0074,"14 days, 12:30:00",FAIL
MultiIndicatorConfluence,4h,B_6m,3.0,40,0.2174,0.3887,1.5498,1.144,52.5,0.9919,0.2606,0.6168,,0.9919,"19 days, 1:30:00",ACTIVE_CANDIDATE
MultiIndicatorConfluence,1h,B_6m,3.0,51,0.2772,3.0618,2.2549,1.5732,58.8235,1.9981,1.0982,2.3052,,1.9981,"16 days, 22:51:00",ACTIVE_CANDIDATE
MultiIndicatorConfluence,4h,C_1y,3.0,93,0.2548,-3.228,4.5655,0.6056,40.8602,-1.6854,-1.1184,-2.2673,,-1.6854,"14 days, 19:37:00",FAIL
MultiIndicatorConfluence,1h,C_1y,3.0,139,0.3808,-3.6851,8.4286,0.8073,43.8849,-1.2103,-0.7075,-1.6585,,-1.2103,"11 days, 23:33:00",FAIL
MultiIndicatorConfluence,4h,E_2y,3.0,227,0.311,0.9098,4.4132,1.0604,51.1013,0.2346,0.1619,0.4326,,0.2346,"11 days, 22:59:00",WATCH
MultiIndicatorConfluence,1h,E_2y,3.0,326,0.4466,2.4629,8.3863,1.0656,50.6135,0.0827,0.2481,0.5977,,0.0827,"10 days, 2:32:00",WATCH
SupertrendStrategy,1d,A_1m,3.0,1,0.0323,0.093,0.0,0.0,100.0,9.9977,-100.0,-100.0,,9.9977,0:00:00,FAIL
SupertrendStrategy,1d,B_6m,3.0,9,0.0489,0.5148,0.1429,4.6,77.7778,5.8405,0.743,10.3664,,5.8405,"23 days, 8:00:00",LOW_ACTIVITY
SupertrendStrategy,1d,C_1y,3.0,21,0.0575,-0.1321,0.7729,0.8584,42.8571,-1.1803,-0.0811,-0.3366,,-1.1803,"14 days, 13:43:00",FAIL
SupertrendStrategy,1d,D_13m,3.0,24,0.0606,-0.1124,0.7727,0.8923,45.8333,-0.5722,-0.0637,-0.2513,,-0.5722,"14 days, 19:00:00",FAIL
SupertrendStrategy,1d,E_2y,3.0,46,0.063,0.6198,0.7751,1.4218,54.3478,1.1097,0.2015,0.7663,,1.1097,"12 days, 11:29:00",ACTIVE_CANDIDATE
SupertrendStrategy,1d,C_1y,2.0,21,0.0575,-0.1085,0.5705,0.8398,42.8571,-1.1803,-0.0945,-0.6235,,-1.1803,"14 days, 13:43:00",FAIL
SupertrendStrategy,1d,C_1y,5.0,21,0.0575,-0.2181,1.2872,0.8602,42.8571,-1.1803,-0.0798,-0.3234,,-1.1803,"14 days, 13:43:00",FAIL
SupertrendStrategy,4h,B_6m,3.0,65,0.3533,-0.0743,1.5093,0.9762,35.3846,-0.4287,-0.0603,-0.2544,,-0.4287,"4 days, 21:40:00",FAIL
SupertrendStrategy,1h,B_6m,3.0,273,1.4837,-0.1658,4.6143,0.9867,34.0659,-0.1272,-0.1155,-0.4018,,-0.1272,"1 day, 11:36:00",FAIL
SupertrendStrategy,4h,C_1y,3.0,138,0.3781,-1.9085,3.9426,0.7311,29.7101,-1.4626,-0.8732,-3.1443,,-1.4626,"4 days, 14:49:00",FAIL
SupertrendStrategy,1h,C_1y,3.0,538,1.474,-3.7602,7.6515,0.8544,32.342,-0.321,-1.4723,-4.6362,,-0.321,"1 day, 11:06:00",FAIL
SupertrendStrategy,4h,E_2y,3.0,256,0.3507,0.9194,3.9433,1.0787,39.0625,-0.1773,0.2017,0.7463,,-0.1773,"4 days, 20:18:00",FAIL
SupertrendStrategy,1h,E_2y,3.0,1062,1.4548,0.2802,7.6677,1.0056,33.5217,-0.1636,0.0516,0.1825,,-0.1636,"1 day, 12:14:00",FAIL
